{
  "accuracy": 0.9888888888888889,
  "f1_macro": 0.988882634778178
}