{
  "accuracy": 0.9911111111111112,
  "f1_macro": 0.9915059690992818
}